PassengerId,Survived,Pclass,Sex,Age,SibSp,Parch,Fare,Embarked_Q,Embarked_S,FamilySize,IsAlone
1,0,3,0,-0.5283212965120344,1,0,-0.7791170658826716,False,True,2,0
3,1,3,1,-0.21518215035509997,0,0,-0.7293725041008279,False,True,1,1
4,1,1,1,0.4893809284980025,1,0,2.5998283529284842,False,True,2,0
5,0,3,0,0.4893809284980025,0,0,-0.7201605482153013,False,True,1,1
6,0,3,0,-0.058612577276632744,0,0,-0.6900706155108173,True,False,1,1
7,0,1,0,1.976791872743441,0,0,2.5086299896617703,False,True,1,1
8,0,3,0,-2.0940170272967067,3,1,0.23972525505656994,False,True,5,0
9,1,3,1,-0.13689736381586634,0,2,-0.4929347595605481,False,True,3,0
10,1,2,1,-1.1545995888259033,1,0,0.9026765570967311,False,False,2,0
11,1,3,1,-1.9374474542182394,1,1,-0.08269320093686093,False,True,3,0
12,1,1,1,2.2899310189003756,0,0,0.643208922842635,False,True,1,1
13,0,3,0,-0.6848908695905016,0,0,-0.7201605482153013,False,True,1,1
14,0,3,0,0.802520074654937,1,5,0.9914208553155401,False,True,7,0
15,0,3,1,-1.1545995888259033,0,0,-0.7345901559143904,False,True,1,1
16,1,2,1,2.055076659282675,0,0,-0.13428015389580983,False,True,1,1
17,0,3,0,-2.0940170272967067,4,1,0.8329752140844828,True,False,6,0
18,1,2,0,-0.058612577276632744,0,0,-0.3553670951484481,False,True,1,1
19,0,3,1,0.1762417823410681,1,0,0.013111140272615725,False,True,2,0
20,1,3,1,-0.058612577276632744,0,0,-0.7809594570597769,False,False,1,1
21,0,2,0,0.4893809284980025,0,0,0.602676316946318,False,True,1,1
22,1,2,0,0.4110961419587689,0,0,-0.3553670951484481,False,True,1,1
23,1,3,1,-1.0763148022866698,0,0,-0.721693417674653,True,False,1,1
24,1,1,0,-0.058612577276632744,0,0,1.3027849642463392,False,True,1,1
25,0,3,1,-1.624308308061305,3,1,0.23972525505656994,False,True,5,0
26,1,3,1,0.7242352881157034,1,5,0.9997116156125142,False,True,7,0
27,0,3,0,-0.058612577276632744,0,0,-0.7809594570597769,False,False,1,1
29,1,3,1,-0.058612577276632744,0,0,-0.7327477647372849,True,False,1,1
30,0,3,0,-0.058612577276632744,0,0,-0.7315244169956868,False,True,1,1
31,0,1,0,0.8808048611941706,0,0,0.7294917864488313,False,False,1,1
33,1,3,1,-0.058612577276632744,0,0,-0.7422692423405652,True,False,1,1
34,0,2,0,2.9162093112142444,0,0,-0.53960621285898,False,True,1,1
36,0,1,0,1.0373744342726379,1,0,2.51876314113585,False,True,2,0
37,1,3,0,-0.058612577276632744,0,0,-0.7806499353420233,False,False,1,1
38,0,3,0,-0.6066060830512681,0,0,-0.7201605482153013,False,True,1,1
39,0,3,1,-0.8414604426689688,2,0,0.013111140272615725,False,True,3,0
40,1,3,1,-1.1545995888259033,1,0,-0.48494615141661945,False,False,2,0
41,0,3,1,0.8808048611941706,1,0,-0.6151442511202981,False,True,2,0
42,0,2,1,-0.13689736381586634,1,0,0.23419808152525404,False,True,2,0
43,0,3,0,-0.058612577276632744,0,0,-0.7315244169956868,False,False,1,1
44,1,2,1,-2.015732240757473,1,2,1.7507955420006855,False,False,4,0
45,1,3,1,-0.7631756561297353,0,0,-0.7327477647372849,True,False,1,1
46,0,3,0,-0.058612577276632744,0,0,-0.7201605482153013,False,True,1,1
47,0,3,0,-0.058612577276632744,1,0,-0.17112797743791622,True,False,2,0
48,1,3,1,-0.058612577276632744,0,0,-0.7422692423405652,True,False,1,1
49,0,3,0,-0.058612577276632744,2,0,0.28425216502485146,False,False,3,0
50,0,3,1,-0.8414604426689688,1,0,-0.001627989144226776,False,True,2,0
51,0,3,0,-1.7025930946005385,4,1,1.6113854864114803,False,True,6,0
52,0,3,0,-0.6066060830512681,0,0,-0.7385844599863545,False,True,1,1
54,1,2,1,0.01967220926260087,1,0,0.602676316946318,False,True,2,0
55,0,1,0,2.8379245246750107,0,1,3.254186742518626,False,False,2,0
56,1,1,0,-0.058612577276632744,0,0,1.3027849642463392,False,True,1,1
57,1,2,1,-0.6066060830512681,0,0,-0.53960621285898,False,True,1,1
58,0,3,0,-0.019470184007015934,0,0,-0.7806499353420233,False,False,1,1
59,1,2,1,-1.8591626676790058,1,2,0.7316436993436902,False,True,4,0
60,0,3,0,-1.3894539484436041,5,2,2.142915341006365,False,True,8,0
61,0,3,0,-0.5283212965120344,0,0,-0.7806499353420233,False,False,1,1
64,0,3,0,-1.9374474542182394,3,2,0.7426980464063221,False,True,6,0
65,0,1,0,-0.058612577276632744,0,0,0.7294917864488313,False,False,1,1
66,1,3,0,-0.058612577276632744,1,1,-0.18986141092672315,False,False,3,0
67,1,2,1,0.01967220926260087,0,0,-0.53960621285898,False,True,1,1
68,0,3,0,-0.7631756561297353,0,0,-0.7121793096360811,False,True,1,1
69,1,3,1,-0.9197452292082025,4,2,-0.7293725041008279,False,True,7,0
70,0,3,0,-0.21518215035509997,2,0,-0.6750219643762211,False,True,3,0
71,0,2,0,0.25452656888030173,0,0,-0.53960621285898,False,True,1,1
72,0,3,1,-0.9980300157474361,5,2,2.142915341006365,False,True,8,0
74,0,3,0,-0.21518215035509997,1,0,-0.2481988851585859,False,False,2,0
75,1,3,0,0.25452656888030173,0,0,2.850084031297054,False,True,1,1
76,0,3,0,-0.29346693689433356,0,0,-0.7496388070489864,False,True,1,1
77,0,3,0,-0.058612577276632744,0,0,-0.7315244169956868,False,True,1,1
78,0,3,0,-0.058612577276632744,0,0,-0.7201605482153013,False,True,1,1
79,1,2,0,-2.18561022754761,0,2,0.8237632581989562,False,True,3,0
80,1,3,1,0.09795699580183448,0,0,-0.39405730986765986,False,True,1,1
81,0,3,0,-0.5283212965120344,0,0,-0.6501496834852992,False,True,1,1
82,1,3,0,0.01967220926260087,0,0,-0.6133018599431929,False,True,1,1
83,1,3,1,-0.058612577276632744,0,0,-0.7395056555749072,True,False,1,1
84,0,1,0,-0.058612577276632744,0,0,2.1576544704232075,False,True,1,1
85,1,2,1,-0.9197452292082025,0,0,-0.53960621285898,False,True,1,1
86,1,3,1,0.3328113554195353,3,0,-0.14533450095844175,False,True,4,0
87,0,3,0,-0.9980300157474361,1,3,1.2198773612765998,False,True,5,0
88,0,3,0,-0.058612577276632744,0,0,-0.7201605482153013,False,True,1,1
90,0,3,0,-0.37175172343356716,0,0,-0.7201605482153013,False,True,1,1
91,0,3,0,0.01967220926260087,0,0,-0.7201605482153013,False,True,1,1
92,0,3,0,-0.6848908695905016,0,0,-0.7345901559143904,False,True,1,1
93,0,1,0,1.3505135804295723,1,0,3.194920703133502,False,True,2,0
94,0,3,0,-0.21518215035509997,1,2,0.20287743151446355,False,True,4,0
95,0,3,0,2.3682158054396094,0,0,-0.7791170658826716,False,True,1,1
96,0,3,0,-0.058612577276632744,0,0,-0.7201605482153013,False,True,1,1
97,0,1,0,3.3076332439104124,0,0,1.2404531859425123,False,False,1,1
98,1,1,0,-0.4500365099728008,0,1,3.355820409412464,False,False,2,0
99,1,2,1,0.4110961419587689,0,1,0.38158937569367957,False,True,2,0
100,0,2,0,0.4110961419587689,1,0,0.602676316946318,False,True,2,0
101,0,3,1,-0.058612577276632744,0,0,-0.7315244169956868,False,True,1,1
102,0,3,0,-0.058612577276632744,0,0,-0.7315244169956868,False,True,1,1
104,0,3,0,0.3328113554195353,0,0,-0.67563363824702,False,True,1,1
105,0,3,0,0.6459505015764697,2,0,-0.7293725041008279,False,True,3,0
106,0,3,0,-0.058612577276632744,0,0,-0.7315244169956868,False,True,1,1
107,1,3,1,-0.6066060830512681,0,0,-0.7496388070489864,False,True,1,1
108,1,3,0,-0.058612577276632744,0,0,-0.7404268511634599,False,True,1,1
109,0,3,0,0.7242352881157034,0,0,-0.7315244169956868,False,True,1,1
110,1,3,1,-0.058612577276632744,1,0,0.46633936984052415,True,False,2,0
111,0,1,0,1.4287983669688058,0,0,2.51876314113585,False,True,1,1
112,0,3,1,-1.1154571955562864,1,0,-0.2481988851585859,False,False,2,0
113,0,3,0,-0.5283212965120344,0,0,-0.7201605482153013,False,True,1,1
114,0,3,1,-0.6848908695905016,1,0,-0.5893507746408237,False,True,2,0
115,0,3,1,-0.9197452292082025,0,0,-0.2478967330055407,False,False,1,1
116,0,3,0,-0.6066060830512681,0,0,-0.7293725041008279,False,True,1,1
117,0,3,0,3.268490850640796,0,0,-0.7422692423405652,True,False,1,1
118,0,2,0,0.01967220926260087,1,0,0.23419808152525404,False,True,2,0
120,0,3,1,-2.0940170272967067,4,2,0.9914208553155401,False,True,7,0
122,0,3,0,-0.058612577276632744,0,0,-0.7201605482153013,False,True,1,1
123,0,2,0,0.2936689621499185,1,0,0.9026765570967311,False,False,2,0
124,1,2,1,0.2936689621499185,0,0,-0.3553670951484481,False,True,1,1
126,1,3,0,-1.3111691619043706,1,0,-0.48494615141661945,False,False,2,0
127,0,3,0,-0.058612577276632744,0,0,-0.7422692423405652,True,False,1,1
128,1,3,0,-0.37175172343356716,0,0,-0.7870983044618918,False,True,1,1
129,1,3,1,-0.058612577276632744,1,1,0.33429887895974025,False,False,3,0
130,0,3,0,1.2722287938903387,0,0,-0.7993833688308302,False,True,1,1
131,0,3,0,0.3328113554195353,0,0,-0.7315244169956868,False,False,1,1
132,0,3,0,-0.6848908695905016,0,0,-0.7938561952995141,False,True,1,1
133,0,3,1,1.4287983669688058,1,0,-0.24482362452212897,False,True,2,0
134,1,2,1,0.01967220926260087,1,0,0.602676316946318,False,True,2,0
135,0,2,0,-0.29346693689433356,0,0,-0.3553670951484481,False,True,1,1
136,0,2,0,-0.4500365099728008,0,0,-0.20460054034356565,False,False,1,1
137,1,1,1,-0.7631756561297353,0,2,0.6235542937652754,False,True,3,0
138,0,1,0,0.6459505015764697,1,0,2.5998283529284842,False,True,2,0
139,0,3,0,-0.9980300157474361,0,0,-0.6341798367621504,False,True,1,1
141,0,3,1,-0.058612577276632744,0,2,-0.18986141092672315,False,False,3,0
142,1,3,1,-0.5283212965120344,0,0,-0.7422692423405652,False,True,1,1
143,1,3,1,-0.37175172343356716,1,0,-0.14533450095844175,False,True,2,0
144,0,3,0,-0.7631756561297353,0,0,-0.815964889424778,True,False,1,1
145,0,2,0,-0.8414604426689688,0,0,-0.4659105657747673,False,True,1,1
146,0,2,0,-0.7631756561297353,1,1,1.3949045231016053,False,True,3,0
147,1,3,0,-0.13689736381586634,0,0,-0.7388939817041082,False,True,1,1
148,0,3,1,-1.5460235215220715,2,2,1.2198773612765998,False,True,5,0
149,0,2,0,0.606808108306853,0,2,0.602676316946318,False,True,3,0
150,0,2,0,1.0373744342726379,0,0,-0.3553670951484481,False,True,1,1
151,0,2,0,1.7419375131257404,0,0,-0.3903725275134492,False,True,1,1
153,0,3,0,2.0942190525522917,0,0,-0.7201605482153013,False,True,1,1
154,0,3,0,0.9199472544637874,0,2,-0.24482362452212897,False,True,3,0
155,0,3,0,-0.058612577276632744,0,0,-0.7745110879399083,False,True,1,1
156,0,1,0,1.7419375131257404,0,1,3.209969354268098,False,False,2,0
157,1,3,1,-0.9980300157474361,0,0,-0.7434999596468715,True,False,1,1
158,0,3,0,0.09795699580183448,0,0,-0.7201605482153013,False,True,1,1
159,0,3,0,-0.058612577276632744,0,0,-0.6750219643762211,False,True,1,1
161,0,3,0,1.193944007351105,0,1,-0.12691058918738843,False,True,2,0
162,1,2,1,0.8808048611941706,0,0,-0.152704065666863,False,True,1,1
163,0,3,0,-0.21518215035509997,0,0,-0.7404268511634599,False,True,1,1
164,0,3,0,-0.9197452292082025,0,0,-0.6750219643762211,False,True,1,1
165,0,3,0,-2.1723018138359405,4,1,1.6113854864114803,False,True,6,0
166,1,3,0,-1.5460235215220715,0,2,0.19919264916025287,False,True,3,0
167,1,1,1,-0.058612577276632744,0,1,2.739850082388488,False,True,2,0
168,0,3,1,1.2722287938903387,1,4,0.7426980464063221,False,True,6,0
169,0,1,0,-0.058612577276632744,0,0,0.597149143415002,False,True,1,1
170,0,3,0,-0.058612577276632744,0,0,2.850084031297054,False,True,1,1
171,0,1,0,2.5247853785180765,0,0,1.1553936700779137,False,True,1,1
172,0,3,0,-1.9374474542182394,4,1,0.8329752140844828,True,False,6,0
173,1,3,1,-2.1723018138359405,1,1,-0.4929347595605481,False,True,3,0
174,0,3,0,-0.6066060830512681,0,0,-0.7293725041008279,False,True,1,1
175,0,1,0,2.1333614458219086,0,0,0.9487363365243642,False,False,1,1
176,0,3,0,-0.8414604426689688,1,1,-0.7345901559143904,False,True,3,0
177,0,3,0,-0.058612577276632744,3,1,0.5633744283563072,False,True,5,0
178,0,1,1,1.6636527265865066,0,0,0.8025757596622449,False,False,1,1
179,0,2,0,0.09795699580183448,0,0,-0.3553670951484481,False,True,1,1
180,0,3,0,0.5676657150372362,0,0,-1.313410507243214,False,True,1,1
182,0,2,0,-0.058612577276632744,0,0,-0.2042910186258119,False,False,1,1
183,0,3,0,-1.5460235215220715,4,2,0.9997116156125142,False,True,7,0
184,1,2,0,-2.1723018138359405,2,1,1.560719729041084,False,True,4,0
185,1,3,1,-1.9374474542182394,0,2,0.309736119786572,False,True,3,0
186,0,1,0,-0.058612577276632744,0,0,2.3713718469674245,False,True,1,1
187,1,3,1,-0.058612577276632744,1,0,-0.17112797743791622,True,False,2,0
188,1,1,0,1.2722287938903387,0,0,0.643208922842635,False,True,1,1
189,0,3,0,0.8808048611941706,1,1,-0.17112797743791622,True,False,3,0
190,0,3,0,0.5676657150372362,0,0,-0.7315244169956868,False,True,1,1
191,1,2,1,0.25452656888030173,0,0,-0.3553670951484481,False,True,1,1
192,0,2,0,-0.7631756561297353,0,0,-0.3553670951484481,False,True,1,1
193,1,3,1,-0.7631756561297353,1,0,-0.7345901559143904,False,True,2,0
194,1,2,0,-2.015732240757473,1,1,0.602676316946318,False,True,3,0
195,1,1,1,1.193944007351105,0,0,0.7294917864488313,False,False,1,1
197,0,3,0,-0.058612577276632744,0,0,-0.7422692423405652,True,False,1,1
198,0,3,0,1.0373744342726379,0,1,-0.6940575500180732,False,True,2,0
199,1,3,1,-0.058612577276632744,0,0,-0.7422692423405652,True,False,1,1
200,0,2,1,-0.37175172343356716,0,0,-0.3553670951484481,False,True,1,1
201,0,3,0,-0.058612577276632744,0,0,-0.6133018599431929,False,True,1,1
203,0,3,0,0.4110961419587689,0,0,-0.8346983229135849,False,True,1,1
204,0,3,0,1.3113711871599554,0,0,-0.7809594570597769,False,False,1,1
205,1,3,0,-0.8414604426689688,0,0,-0.7201605482153013,False,True,1,1
206,0,3,1,-2.0940170272967067,0,1,-0.542369799624638,False,True,2,0
207,0,3,0,0.25452656888030173,1,0,-0.14533450095844175,False,True,2,0
208,1,3,0,-0.21518215035509997,0,0,0.07114646235143339,False,False,1,1
209,1,3,1,-0.9980300157474361,0,0,-0.7422692423405652,True,False,1,1
210,1,1,0,0.8808048611941706,0,0,0.9711545523673818,False,False,1,1
211,0,3,0,-0.37175172343356716,0,0,-0.7938561952995141,False,True,1,1
212,1,2,1,0.4893809284980025,0,0,0.23419808152525404,False,True,1,1
213,0,3,0,-0.5283212965120344,0,0,-0.7791170658826716,False,True,1,1
214,0,2,0,0.09795699580183448,0,0,-0.3553670951484481,False,True,1,1
215,0,3,0,-0.058612577276632744,1,0,-0.7422692423405652,True,False,2,0
217,1,3,1,-0.13689736381586634,0,0,-0.7293725041008279,False,True,1,1
218,0,2,0,1.0373744342726379,1,0,0.6763719640305307,False,True,2,0
220,0,2,0,0.09795699580183448,0,0,-0.53960621285898,False,True,1,1
221,1,3,0,-0.9980300157474361,0,0,-0.7201605482153013,False,True,1,1
222,0,2,0,-0.13689736381586634,0,0,-0.3553670951484481,False,True,1,1
223,0,3,0,1.7419375131257404,0,0,-0.7201605482153013,False,True,1,1
224,0,3,0,-0.058612577276632744,0,0,-0.7315244169956868,False,True,1,1
226,0,3,0,-0.5283212965120344,0,0,-0.6243562070058247,False,True,1,1
227,1,2,0,-0.7631756561297353,0,0,-0.53960621285898,False,True,1,1
228,0,3,0,-0.6457484763208848,0,0,-0.7791170658826716,False,True,1,1
229,0,2,0,-0.8414604426689688,0,0,-0.3553670951484481,False,True,1,1
230,0,3,1,-0.058612577276632744,3,1,0.5633744283563072,False,True,5,0
232,0,3,0,0.01967220926260087,0,0,-0.7404268511634599,False,True,1,1
233,0,2,0,2.3682158054396094,0,0,-0.31851927160634175,False,True,1,1
234,1,3,1,-1.8591626676790058,4,2,0.9997116156125142,False,True,7,0
235,0,2,0,-0.37175172343356716,0,0,-0.53960621285898,False,True,1,1
236,0,3,1,-0.058612577276632744,0,0,-0.7570083717574076,False,True,1,1
237,0,2,0,1.193944007351105,1,0,0.602676316946318,False,True,2,0
238,1,2,1,-1.624308308061305,0,2,0.6211002287173711,False,True,3,0
239,0,2,0,-0.7631756561297353,0,0,-0.53960621285898,False,True,1,1
240,0,2,0,0.3328113554195353,0,0,-0.4087964392845024,False,True,1,1
241,0,3,1,-0.058612577276632744,1,0,-0.2481988851585859,False,False,2,0
242,1,3,1,-0.058612577276632744,1,0,-0.17112797743791622,True,False,2,0
243,0,2,0,0.01967220926260087,0,0,-0.53960621285898,False,True,1,1
244,0,3,0,-0.5283212965120344,0,0,-0.7883290217681982,False,True,1,1
245,0,3,0,0.09795699580183448,0,0,-0.7809594570597769,False,False,1,1
247,0,3,1,-0.29346693689433356,0,0,-0.7404268511634599,False,True,1,1
248,1,2,1,-0.37175172343356716,0,2,-0.24482362452212897,False,True,3,0
249,1,1,0,0.6459505015764697,1,1,2.559605268749921,False,True,3,0
250,0,2,0,1.976791872743441,1,0,0.602676316946318,False,True,2,0
251,0,3,0,-0.058612577276632744,0,0,-0.7791170658826716,False,True,1,1
252,0,3,1,0.01967220926260087,1,1,-0.542369799624638,False,True,3,0
253,0,1,0,2.60307016505731,0,0,0.643208922842635,False,True,1,1
254,0,3,0,0.09795699580183448,1,0,-0.12691058918738843,False,True,2,0
255,0,3,1,0.9590896477334042,0,2,0.1761627594464364,False,True,3,0
256,1,3,1,0.01967220926260087,0,2,-0.18986141092672315,False,False,3,0
260,1,2,1,1.6636527265865066,0,1,0.602676316946318,False,True,2,0
261,0,3,0,-0.058612577276632744,0,0,-0.7422692423405652,True,False,1,1
262,1,3,0,-2.015732240757473,4,2,0.9997116156125142,False,True,7,0
264,0,1,0,0.8808048611941706,0,0,-1.313410507243214,False,True,1,1
265,0,3,1,-0.058612577276632744,0,0,-0.7422692423405652,True,False,1,1
266,0,2,0,0.5676657150372362,0,0,-0.53960621285898,False,True,1,1
267,0,3,0,-0.9980300157474361,4,1,1.6113854864114803,False,True,6,0
268,1,3,0,-0.29346693689433356,1,0,-0.7404268511634599,False,True,2,0
271,0,1,0,-0.058612577276632744,0,0,0.9711545523673818,False,True,1,1
272,1,3,0,-0.29346693689433356,0,0,-1.313410507243214,False,True,1,1
273,1,2,1,0.9590896477334042,0,1,0.12365461089893488,False,True,2,0
274,0,1,0,0.6459505015764697,0,1,0.8753502111579051,False,False,2,0
275,1,3,1,-0.058612577276632744,0,0,-0.7422692423405652,True,False,1,1
277,0,3,1,1.2722287938903387,0,0,-0.7422692423405652,False,True,1,1
278,0,2,0,-0.058612577276632744,0,0,-1.313410507243214,False,True,1,1
279,0,3,0,-1.7025930946005385,4,1,0.8329752140844828,True,False,6,0
280,1,3,1,0.4893809284980025,1,1,0.17892634621209447,False,True,3,0
281,0,3,0,2.8379245246750107,0,0,-0.7422692423405652,True,False,1,1
282,0,3,0,-0.058612577276632744,0,0,-0.7345901559143904,False,True,1,1
283,0,3,0,-0.9980300157474361,0,0,-0.6133018599431929,False,True,1,1
284,1,3,0,-0.7631756561297353,0,0,-0.7201605482153013,False,True,1,1
285,0,1,0,-0.058612577276632744,0,0,0.602676316946318,False,True,1,1
286,0,3,0,0.3328113554195353,0,0,-0.6750219643762211,False,False,1,1
287,1,3,0,0.09795699580183448,0,0,-0.6133018599431929,False,True,1,1
288,0,3,0,-0.5283212965120344,0,0,-0.7315244169956868,False,True,1,1
289,1,2,0,1.0373744342726379,0,0,-0.3553670951484481,False,True,1,1
290,1,3,1,-0.5283212965120344,0,0,-0.7422692423405652,True,False,1,1
293,0,2,0,0.5676657150372362,0,0,-0.36457905103397475,False,False,1,1
294,0,3,1,-0.37175172343356716,0,0,-0.6612040305479312,False,True,1,1
295,0,3,0,-0.37175172343356716,0,0,-0.7315244169956868,False,True,1,1
296,0,1,0,-0.058612577276632744,0,0,0.7294917864488313,False,False,1,1
297,0,3,0,-0.410894116703184,0,0,-0.7806499353420233,False,False,1,1
299,1,1,0,-0.058612577276632744,0,0,0.9343067288252753,False,True,1,1
301,1,3,1,-0.058612577276632744,0,0,-0.7422692423405652,True,False,1,1
302,1,3,0,-0.058612577276632744,2,0,0.4000132874647328,True,False,3,0
303,0,3,0,-0.7631756561297353,0,0,-1.313410507243214,False,True,1,1
304,1,2,1,-0.058612577276632744,0,0,-0.40326926575318645,True,False,1,1
305,0,3,0,-0.058612577276632744,0,0,-0.7201605482153013,False,True,1,1
309,0,2,0,0.09795699580183448,1,0,0.45528502277789235,False,False,2,0
310,1,1,1,0.09795699580183448,0,0,2.882023724743352,False,False,1,1
313,0,2,1,-0.21518215035509997,1,1,0.602676316946318,False,True,3,0
314,0,3,0,-0.058612577276632744,0,0,-0.7315244169956868,False,True,1,1
315,0,2,0,1.1156592208118714,1,1,0.6211002287173711,False,True,3,0
316,1,3,1,-0.21518215035509997,0,0,-0.7345901559143904,False,True,1,1
317,1,2,1,-0.37175172343356716,1,0,0.602676316946318,False,True,2,0
318,0,2,0,1.976791872743441,0,0,-0.2816714480642354,False,True,1,1
321,0,3,0,-0.5283212965120344,0,0,-0.7791170658826716,False,True,1,1
322,0,3,0,-0.13689736381586634,0,0,-0.7315244169956868,False,True,1,1
323,1,2,1,0.09795699580183448,0,0,-0.40326926575318645,True,False,1,1
324,1,2,1,-0.5283212965120344,1,1,0.8237632581989562,False,True,3,0
327,0,3,0,2.5247853785180765,0,0,-0.853733908555437,False,True,1,1
328,1,2,1,0.5676657150372362,0,0,-0.3553670951484481,False,True,1,1
329,1,3,1,0.1762417823410681,1,1,0.19919264916025287,False,True,3,0
330,1,1,1,-0.9980300157474361,0,1,2.959404154181775,False,False,2,0
331,1,3,1,-0.058612577276632744,2,0,0.4000132874647328,True,False,3,0
332,0,1,0,1.3113711871599554,0,0,0.7869154346568499,False,True,1,1
334,0,3,0,-0.9980300157474361,2,0,0.013111140272615725,False,True,3,0
336,0,3,0,-0.058612577276632744,0,0,-0.7315244169956868,False,True,1,1
339,1,3,0,1.2722287938903387,0,0,-0.7201605482153013,False,True,1,1
340,0,1,0,1.2722287938903387,0,0,1.3027849642463392,False,True,1,1
341,1,2,0,-2.0940170272967067,1,1,0.602676316946318,False,True,3,0
343,0,2,0,-0.058612577276632744,0,0,-0.3553670951484481,False,True,1,1
344,0,2,0,-0.29346693689433356,0,0,-0.3553670951484481,False,True,1,1
345,0,2,0,0.5676657150372362,0,0,-0.3553670951484481,False,True,1,1
346,1,2,1,-0.37175172343356716,0,0,-0.3553670951484481,False,True,1,1
347,1,2,1,0.8808048611941706,0,0,-0.3553670951484481,False,True,1,1
348,1,3,1,-0.058612577276632744,1,0,-0.12691058918738843,False,True,2,0
349,1,3,0,-2.015732240757473,1,1,-0.14164971860423106,False,True,3,0
350,0,3,0,1.0373744342726379,0,0,-0.6750219643762211,False,True,1,1
351,0,3,0,-0.4500365099728008,0,0,-0.6335681628913514,False,True,1,1
352,0,1,0,-0.058612577276632744,0,0,1.2659371407042328,False,True,1,1
353,0,3,0,-1.0763148022866698,1,1,-0.7806499353420233,False,False,3,0
354,0,3,0,-0.29346693689433356,1,0,-0.001627989144226776,False,True,2,0
355,0,3,0,-0.058612577276632744,0,0,-0.7809594570597769,False,False,1,1
356,0,3,0,-0.058612577276632744,0,0,-0.6133018599431929,False,True,1,1
357,1,1,1,-0.5283212965120344,0,1,2.739850082388488,False,True,2,0
358,0,2,1,0.7242352881157034,0,0,-0.3553670951484481,False,True,1,1
359,1,3,1,-0.058612577276632744,0,0,-0.7327477647372849,True,False,1,1
360,1,3,1,-0.058612577276632744,0,0,-0.7327477647372849,True,False,1,1
361,0,3,0,0.8808048611941706,1,4,0.7426980464063221,False,True,6,0
362,0,2,0,0.01967220926260087,1,0,0.7294917864488313,False,False,2,0
363,0,3,1,1.2722287938903387,0,1,-0.2481988851585859,False,False,2,0
364,0,3,0,0.4893809284980025,0,0,-0.7938561952995141,False,True,1,1
365,0,3,0,-0.058612577276632744,1,0,-0.17112797743791622,True,False,2,0
366,0,3,0,0.09795699580183448,0,0,-0.7791170658826716,False,True,1,1
368,1,3,1,-0.058612577276632744,0,0,-0.7806499353420233,False,False,1,1
369,1,3,1,-0.058612577276632744,0,0,-0.7422692423405652,True,False,1,1
371,1,1,0,-0.29346693689433356,1,0,2.7724014497055847,False,False,2,0
372,0,3,0,-0.8414604426689688,1,0,-0.8346983229135849,False,True,2,0
373,0,3,0,-0.7631756561297353,0,0,-0.7201605482153013,False,True,1,1
375,0,3,1,-2.015732240757473,3,1,0.23972525505656994,False,True,5,0
377,1,3,1,-0.5283212965120344,0,0,-0.7791170658826716,False,True,1,1
379,0,3,0,-0.6848908695905016,0,0,-1.0177067233178105,False,False,1,1
380,0,3,0,-0.7631756561297353,0,0,-0.7404268511634599,False,True,1,1
382,1,3,1,-2.1723018138359405,0,2,-0.153315739537662,False,False,3,0
383,0,3,0,0.25452656888030173,0,0,-0.7293725041008279,False,True,1,1
384,1,1,1,0.4893809284980025,1,0,2.51876314113585,False,True,2,0
385,0,3,0,-0.058612577276632744,0,0,-0.7315244169956868,False,True,1,1
387,0,3,0,-2.1723018138359405,5,2,2.142915341006365,False,True,8,0
388,1,2,1,0.5676657150372362,0,0,-0.3553670951484481,False,True,1,1
389,0,3,0,-0.058612577276632744,0,0,-0.743802111799917,True,False,1,1
390,1,2,1,-0.9197452292082025,0,0,-0.4290627422326609,False,False,1,1
392,1,3,0,-0.6066060830512681,0,0,-0.7388939817041082,False,True,1,1
393,0,3,0,-0.058612577276632744,2,0,-0.7293725041008279,False,True,3,0
395,1,3,1,-0.37175172343356716,0,2,-0.08269320093686093,False,True,3,0
396,0,3,0,-0.5283212965120344,0,0,-0.7388939817041082,False,True,1,1
397,0,3,1,0.1762417823410681,0,0,-0.7345901559143904,False,True,1,1
398,0,2,0,1.3505135804295723,0,0,0.602676316946318,False,True,1,1
399,0,2,0,-0.4500365099728008,0,0,-0.53960621285898,False,True,1,1
400,1,2,1,-0.058612577276632744,0,0,-0.38116057162792255,False,True,1,1
401,1,3,0,0.802520074654937,0,0,-0.7293725041008279,False,True,1,1
402,0,3,0,-0.21518215035509997,0,0,-0.7201605482153013,False,True,1,1
403,0,3,1,-0.6066060830512681,1,0,-0.5893507746408237,False,True,2,0
404,0,3,0,-0.058612577276632744,1,0,-0.14533450095844175,False,True,2,0
405,0,3,1,-0.6848908695905016,0,0,-0.6750219643762211,False,True,1,1
406,0,2,0,0.4110961419587689,1,0,0.23419808152525404,False,True,2,0
407,0,3,0,1.7419375131257404,0,0,-0.7422692423405652,False,True,1,1
408,1,2,0,-2.015732240757473,1,1,0.0683828755857753,False,True,3,0
409,0,3,0,-0.6066060830512681,0,0,-0.7404268511634599,False,True,1,1
410,0,3,1,-0.058612577276632744,3,1,0.5633744283563072,False,True,5,0
411,0,3,0,-0.058612577276632744,0,0,-0.7315244169956868,False,True,1,1
412,0,3,0,-0.058612577276632744,0,0,-0.8079836508455577,True,False,1,1
414,0,2,0,-0.058612577276632744,0,0,-1.313410507243214,False,True,1,1
415,1,3,0,1.193944007351105,0,0,-0.7293725041008279,False,True,1,1
416,0,3,1,-0.058612577276632744,0,0,-0.7201605482153013,False,True,1,1
417,1,2,1,0.4110961419587689,1,1,1.081698022993701,False,True,3,0
418,1,2,1,-0.8414604426689688,0,2,-0.3553670951484481,False,True,3,0
419,0,2,0,0.09795699580183448,0,0,-0.3553670951484481,False,True,1,1
420,0,3,1,-1.4677387349828377,0,2,0.46633936984052415,False,True,3,0
421,0,3,0,-0.058612577276632744,0,0,-0.7315244169956868,False,False,1,1
422,0,3,0,-0.6066060830512681,0,0,-0.7434999596468715,True,False,1,1
423,0,3,0,0.01967220926260087,0,0,-0.7330572864550385,False,True,1,1
424,0,3,1,-0.058612577276632744,1,1,-0.25219318923055023,False,True,3,0
425,0,3,0,-0.8414604426689688,1,1,0.1761627594464364,False,True,3,0
426,0,3,0,-0.058612577276632744,0,0,-0.7791170658826716,False,True,1,1
427,1,2,1,-0.058612577276632744,1,0,0.602676316946318,False,True,2,0
428,1,2,1,-0.7631756561297353,0,0,0.602676316946318,False,True,1,1
429,0,3,0,-0.058612577276632744,0,0,-0.7422692423405652,True,False,1,1
430,1,3,0,0.25452656888030173,0,0,-0.7201605482153013,False,True,1,1
431,1,1,0,-0.058612577276632744,0,0,0.643208922842635,False,True,1,1
432,1,3,1,-0.058612577276632744,1,0,-0.12691058918738843,False,True,2,0
433,1,2,1,1.0373744342726379,1,0,0.602676316946318,False,True,2,0
434,0,3,0,-0.9197452292082025,0,0,-0.7883290217681982,False,True,1,1
435,0,1,0,1.6636527265865066,1,0,2.80617616476428,False,True,2,0
437,0,3,1,-0.6066060830512681,2,2,1.2198773612765998,False,True,5,0
438,1,2,1,-0.37175172343356716,2,3,0.0683828755857753,False,True,6,0
440,0,2,0,0.1762417823410681,0,0,-0.53960621285898,False,True,1,1
441,1,2,1,1.2722287938903387,1,1,0.6211002287173711,False,True,3,0
442,0,3,0,-0.6848908695905016,0,0,-0.6133018599431929,False,True,1,1
443,0,3,0,-0.29346693689433356,1,0,-0.7404268511634599,False,True,2,0
444,1,2,1,-0.058612577276632744,0,0,-0.3553670951484481,False,True,1,1
445,1,3,0,-0.058612577276632744,0,0,-0.715554570272538,False,True,1,1
447,1,2,1,-1.2328843753651368,0,1,0.12365461089893488,False,True,2,0
448,1,1,0,0.4110961419587689,0,0,0.643208922842635,False,True,1,1
449,1,3,1,-1.8591626676790058,2,1,0.10584237299868055,False,False,4,0
450,1,1,0,1.820222299664974,0,0,0.9343067288252753,False,True,1,1
451,0,2,0,0.5676657150372362,1,2,0.7316436993436902,False,True,4,0
452,0,3,0,-0.058612577276632744,1,0,0.15804836939313693,False,True,2,0
453,0,1,0,0.09795699580183448,0,0,0.7316436993436902,False,False,1,1
455,0,3,0,-0.058612577276632744,0,0,-0.7201605482153013,False,True,1,1
456,1,3,0,0.01967220926260087,0,0,-0.7315244169956868,False,False,1,1
457,0,1,0,2.8379245246750107,0,0,0.643208922842635,False,True,1,1
458,1,1,1,-0.058612577276632744,1,0,2.5086299896617703,False,True,2,0
459,1,2,1,1.6636527265865066,0,0,-0.53960621285898,False,True,1,1
460,0,3,0,-0.058612577276632744,0,0,-0.7422692423405652,True,False,1,1
461,1,1,0,1.5070831535080396,0,0,0.643208922842635,False,True,1,1
462,0,3,0,0.4110961419587689,0,0,-0.7201605482153013,False,True,1,1
463,0,1,0,1.4287983669688058,0,0,1.5238719054989776,False,True,1,1
464,0,2,0,1.5070831535080396,0,0,-0.3553670951484481,False,True,1,1
465,0,3,0,-0.058612577276632744,0,0,-0.7201605482153013,False,True,1,1
466,0,3,0,0.7242352881157034,0,0,-0.7938561952995141,False,True,1,1
467,0,2,0,-0.058612577276632744,0,0,-1.313410507243214,False,True,1,1
468,0,1,0,2.1333614458219086,0,0,0.643208922842635,False,True,1,1
469,0,3,0,-0.058612577276632744,0,0,-0.7441116335176705,True,False,1,1
470,1,3,1,-2.1918730104707485,2,1,0.10584237299868055,False,False,4,0
471,0,3,0,-0.058612577276632744,0,0,-0.7791170658826716,False,True,1,1
472,0,3,0,0.7242352881157034,0,0,-0.6750219643762211,False,True,1,1
473,1,2,1,0.3328113554195353,1,2,0.7316436993436902,False,True,4,0
474,1,2,1,-0.4500365099728008,0,0,-0.2970222513518768,False,False,1,1
475,0,3,1,-0.5283212965120344,0,0,-0.588429579052271,False,True,1,1
476,0,1,0,-0.058612577276632744,0,0,2.51876314113585,False,True,1,1
477,0,2,0,0.4110961419587689,1,0,0.23419808152525404,False,True,2,0
478,0,3,0,0.01967220926260087,1,0,-0.7941657170172678,False,True,2,0
479,0,3,0,-0.5283212965120344,0,0,-0.7591602846522667,False,True,1,1
480,1,3,1,-2.0940170272967067,0,1,-0.40787524369594974,False,True,2,0
481,0,3,0,-1.5460235215220715,5,2,2.142915341006365,False,True,8,0
482,0,2,0,-0.058612577276632744,0,0,-1.313410507243214,False,True,1,1
483,0,3,0,1.6636527265865066,0,0,-0.7201605482153013,False,True,1,1
484,1,3,1,2.6813549515965436,0,0,-0.6068534908233242,False,True,1,1
486,0,3,1,-0.058612577276632744,3,1,0.5633744283563072,False,True,5,0
488,0,1,0,2.2899310189003756,0,0,0.8753502111579051,False,False,1,1
489,0,3,0,0.09795699580183448,0,0,-0.7201605482153013,False,True,1,1
490,1,3,0,-1.5460235215220715,1,1,-0.14164971860423106,False,True,3,0
491,0,3,0,-0.058612577276632744,1,0,0.15804836939313693,False,True,2,0
492,0,3,0,-0.6066060830512681,0,0,-0.7791170658826716,False,True,1,1
493,0,1,0,2.055076659282675,0,0,0.9343067288252753,False,True,1,1
494,0,1,0,3.3076332439104124,0,0,2.3348335451430717,False,False,1,1
495,0,3,0,-0.6066060830512681,0,0,-0.7201605482153013,False,True,1,1
496,0,3,0,-0.058612577276632744,0,0,-0.2478967330055407,False,False,1,1
498,0,3,0,-0.058612577276632744,0,0,-0.20060623627160135,False,True,1,1
500,0,3,0,-0.37175172343356716,0,0,-0.7388939817041082,False,True,1,1
501,0,3,0,-0.9197452292082025,0,0,-0.6750219643762211,False,True,1,1
502,0,3,1,-0.6066060830512681,0,0,-0.7422692423405652,True,False,1,1
503,0,3,1,-0.058612577276632744,0,0,-0.751171676508338,True,False,1,1
504,0,3,1,0.6459505015764697,0,0,-0.6068534908233242,False,True,1,1
507,1,2,1,0.3328113554195353,0,2,0.602676316946318,False,True,3,0
508,1,1,0,-0.058612577276632744,0,0,0.643208922842635,False,True,1,1
509,0,3,0,-0.058612577276632744,0,0,0.3465839433286784,False,True,1,1
510,1,3,0,-0.21518215035509997,0,0,2.850084031297054,False,True,1,1
511,1,3,0,0.01967220926260087,0,0,-0.7422692423405652,True,False,1,1
512,0,3,0,-0.058612577276632744,0,0,-0.7201605482153013,False,True,1,1
513,1,1,0,0.5676657150372362,0,0,0.6238638154830292,False,True,1,1
514,1,1,1,1.976791872743441,1,0,3.0641109295590243,False,False,2,0
515,0,3,0,-0.37175172343356716,0,0,-0.7610026758293721,False,True,1,1
516,0,1,0,1.4287983669688058,0,0,1.1937743630793718,False,True,1,1
517,1,2,1,0.4110961419587689,0,0,-0.53960621285898,False,True,1,1
518,0,3,0,-0.058612577276632744,0,0,0.46633936984052415,True,False,1,1
519,1,2,1,0.5676657150372362,1,0,0.602676316946318,False,True,2,0
520,0,3,0,0.25452656888030173,0,0,-0.7315244169956868,False,True,1,1
522,0,3,0,-0.5283212965120344,0,0,-0.7315244169956868,False,True,1,1
523,0,3,0,-0.058612577276632744,0,0,-0.7809594570597769,False,False,1,1
524,1,1,1,1.193944007351105,0,1,2.959404154181775,False,False,2,0
525,0,3,0,-0.058612577276632744,0,0,-0.7806499353420233,False,False,1,1
526,0,3,0,0.9199472544637874,0,0,-0.7422692423405652,True,False,1,1
527,1,2,1,1.6636527265865066,0,0,-0.53960621285898,False,True,1,1
529,0,3,0,0.802520074654937,0,0,-0.7293725041008279,False,True,1,1
530,0,2,0,-0.4500365099728008,2,1,-0.4659105657747673,False,True,4,0
531,1,2,1,-2.0940170272967067,1,1,0.602676316946318,False,True,3,0
532,0,3,0,-0.058612577276632744,0,0,-0.7806499353420233,False,False,1,1
533,0,3,0,-0.9197452292082025,1,1,-0.7806499353420233,False,False,3,0
534,1,3,1,-0.058612577276632744,0,2,0.33429887895974025,False,False,3,0
535,0,3,1,0.09795699580183448,0,0,-0.6750219643762211,False,True,1,1
536,1,2,1,-1.7025930946005385,0,2,0.6211002287173711,False,True,3,0
537,0,1,0,1.2722287938903387,0,0,0.643208922842635,False,True,1,1
539,0,3,0,-0.058612577276632744,0,0,-0.24482362452212897,False,True,1,1
540,1,1,1,-0.5283212965120344,0,2,2.334524023425318,False,False,3,0
542,0,3,1,-1.5460235215220715,4,2,0.9914208553155401,False,True,7,0
543,0,3,1,-1.3894539484436041,4,2,0.9914208553155401,False,True,7,0
544,1,2,0,0.25452656888030173,1,0,0.602676316946318,False,True,2,0
546,0,1,0,2.7596397381357773,0,0,0.602676316946318,False,True,1,1
547,1,2,1,-0.7631756561297353,1,0,0.602676316946318,False,True,2,0
548,1,2,0,-0.058612577276632744,0,0,-0.29180459953831456,False,False,1,1
549,0,3,0,0.3328113554195353,1,1,0.19919264916025287,False,True,3,0
550,1,2,0,-1.624308308061305,1,1,1.3949045231016053,False,True,3,0
552,0,2,0,-0.13689736381586634,0,0,0.602676316946318,False,True,1,1
553,0,3,0,-0.058612577276632744,0,0,-0.7364325470914955,True,False,1,1
554,1,3,0,-0.5283212965120344,0,0,-0.7809594570597769,False,False,1,1
555,1,3,1,-0.5283212965120344,0,0,-0.7404268511634599,False,True,1,1
556,0,1,0,2.60307016505731,0,0,0.643208922842635,False,True,1,1
557,1,1,1,1.5070831535080396,1,0,1.6049371172916118,False,False,2,0
560,1,3,1,0.5676657150372362,1,0,-0.031106247977912043,False,True,2,0
561,0,3,0,-0.058612577276632744,0,0,-0.7422692423405652,True,False,1,1
562,0,3,0,0.8808048611941706,0,0,-0.7315244169956868,False,True,1,1
563,0,2,0,-0.058612577276632744,0,0,-0.31851927160634175,False,True,1,1
564,0,3,0,-0.058612577276632744,0,0,-0.7201605482153013,False,True,1,1
565,0,3,1,-0.058612577276632744,0,0,-0.7201605482153013,False,True,1,1
566,0,3,0,-0.37175172343356716,2,0,0.46633936984052415,False,True,3,0
567,0,3,0,-0.7631756561297353,0,0,-0.7315244169956868,False,True,1,1
568,0,3,1,0.01967220926260087,0,4,0.23972525505656994,False,True,5,0
569,0,3,0,-0.058612577276632744,0,0,-0.7806499353420233,False,False,1,1
570,1,3,0,0.25452656888030173,0,0,-0.7345901559143904,False,True,1,1
571,1,2,0,2.60307016505731,0,0,-0.53960621285898,False,True,1,1
572,1,1,1,1.8985070862042075,2,0,2.480382448134392,False,True,3,0
573,1,1,0,0.5676657150372362,0,0,0.6312333801914503,False,True,1,1
574,1,3,1,-0.058612577276632744,0,0,-0.7422692423405652,True,False,1,1
575,0,3,0,-0.9980300157474361,0,0,-0.7201605482153013,False,True,1,1
576,0,3,0,-0.7631756561297353,0,0,-0.24482362452212897,False,True,1,1
577,1,2,1,0.4110961419587689,0,0,-0.3553670951484481,False,True,1,1
578,1,1,1,0.802520074654937,1,0,2.80617616476428,False,True,2,0
579,0,3,1,-0.058612577276632744,1,0,-0.2478967330055407,False,False,2,0
580,1,3,0,0.25452656888030173,0,0,-0.7293725041008279,False,True,1,1
581,1,2,1,-0.29346693689433356,1,1,0.897458905283169,False,True,3,0
583,0,2,0,1.976791872743441,0,0,0.602676316946318,False,True,1,1
584,0,1,0,0.5676657150372362,0,0,1.6436273320108232,False,False,1,1
585,0,3,0,-0.058612577276632744,0,0,-0.6713371820220103,False,False,1,1
587,0,2,0,1.4287983669688058,0,0,-0.20797580098002258,False,True,1,1
589,0,3,0,-0.5283212965120344,0,0,-0.7201605482153013,False,True,1,1
590,0,3,0,-0.058612577276632744,0,0,-0.7201605482153013,False,True,1,1
591,0,3,0,0.4893809284980025,0,0,-0.7883290217681982,False,True,1,1
593,0,3,0,1.4287983669688058,0,0,-0.7791170658826716,False,True,1,1
594,0,3,1,-0.058612577276632744,0,2,-0.7422692423405652,True,False,3,0
595,0,2,0,0.6459505015764697,1,0,0.602676316946318,False,True,2,0
596,0,3,0,0.5676657150372362,1,1,0.46633936984052415,False,True,3,0
597,1,2,1,-0.058612577276632744,0,0,1.1185458465358074,False,True,1,1
598,0,3,0,1.585367940047273,0,0,-1.313410507243214,False,True,1,1
599,0,3,0,-0.058612577276632744,0,0,-0.7809594570597769,False,False,1,1
600,1,1,0,1.585367940047273,1,0,2.882023724743352,False,False,2,0
601,1,2,1,-0.37175172343356716,2,1,0.6763719640305307,False,True,4,0
602,0,3,0,-0.058612577276632744,0,0,-0.7315244169956868,False,True,1,1
603,0,1,0,-0.058612577276632744,0,0,1.8112849291274074,False,True,1,1
604,0,3,0,1.193944007351105,0,0,-0.7201605482153013,False,True,1,1
605,1,1,0,0.4893809284980025,0,0,0.643208922842635,False,False,1,1
606,0,3,0,0.5676657150372362,1,0,-0.1674431950837055,False,True,2,0
607,0,3,0,0.09795699580183448,0,0,-0.7315244169956868,False,True,1,1
608,1,1,0,-0.13689736381586634,0,0,0.9343067288252753,False,True,1,1
609,1,2,1,-0.5283212965120344,1,2,1.7507955420006855,False,False,4,0
611,0,3,1,0.802520074654937,1,5,0.9914208553155401,False,True,7,0
612,0,3,0,-0.058612577276632744,0,0,-0.7938561952995141,False,True,1,1
613,1,3,1,-0.058612577276632744,1,0,-0.17112797743791622,True,False,2,0
614,0,3,0,-0.058612577276632744,0,0,-0.7422692423405652,True,False,1,1
615,0,3,0,0.4893809284980025,0,0,-0.7201605482153013,False,True,1,1
616,1,2,1,-0.37175172343356716,1,2,3.476806553230616,False,True,4,0
617,0,3,0,0.4110961419587689,1,1,-0.25219318923055023,False,True,3,0
618,0,3,1,-0.21518215035509997,1,0,-0.12691058918738843,False,True,2,0
619,1,2,1,-1.9374474542182394,2,1,1.560719729041084,False,True,4,0
620,0,2,0,-0.21518215035509997,0,0,-0.53960621285898,False,True,1,1
621,0,3,0,-0.13689736381586634,1,0,-0.2481988851585859,False,False,2,0
622,1,1,0,1.0373744342726379,1,0,2.559605268749921,False,True,2,0
623,1,3,0,-0.6848908695905016,1,1,-0.153315739537662,False,False,3,0
624,0,3,0,-0.6066060830512681,0,0,-0.7345901559143904,False,True,1,1
625,0,3,0,-0.6066060830512681,0,0,-0.12691058918738843,False,True,1,1
626,0,1,0,2.5247853785180765,0,0,1.0684917630362099,False,True,1,1
627,0,2,0,2.211646232361142,0,0,-0.40326926575318645,True,False,1,1
629,0,3,0,-0.21518215035509997,0,0,-0.7315244169956868,False,True,1,1
630,0,3,0,-0.058612577276632744,0,0,-0.7434999596468715,True,False,1,1
631,1,1,0,4.012196322763515,0,0,0.897458905283169,False,True,1,1
632,0,3,0,1.7419375131257404,0,0,-0.7935466735817605,False,True,1,1
633,1,1,0,0.25452656888030173,0,0,0.9343067288252753,False,False,1,1
634,0,1,0,-0.058612577276632744,0,0,-1.313410507243214,False,True,1,1
635,0,3,1,-1.5460235215220715,3,2,0.7426980464063221,False,True,6,0
636,1,2,1,-0.058612577276632744,0,0,-0.3553670951484481,False,True,1,1
637,0,3,0,0.25452656888030173,0,0,-0.7293725041008279,False,True,1,1
638,0,2,0,0.1762417823410681,1,1,0.6211002287173711,False,True,3,0
639,0,3,1,0.9590896477334042,0,5,1.6113854864114803,False,True,6,0
640,0,3,0,-0.058612577276632744,1,0,-0.12691058918738843,False,True,2,0
641,0,3,0,-0.6848908695905016,0,0,-0.7345901559143904,False,True,1,1
643,0,3,1,-2.0940170272967067,3,2,0.7426980464063221,False,True,6,0
644,1,3,0,-0.058612577276632744,0,0,2.850084031297054,False,True,1,1
645,1,3,1,-2.1918730104707485,2,1,0.10584237299868055,False,False,4,0
647,0,3,0,-0.7631756561297353,0,0,-0.7315244169956868,False,True,1,1
648,1,1,0,2.1333614458219086,0,0,1.3027849642463392,False,False,1,1
649,0,3,0,-0.058612577276632744,0,0,-0.7570083717574076,False,True,1,1
650,1,3,1,-0.4500365099728008,0,0,-0.7570083717574076,False,True,1,1
651,0,3,0,-0.058612577276632744,0,0,-0.7315244169956868,False,True,1,1
652,1,2,1,-0.8414604426689688,0,1,0.38158937569367957,False,True,2,0
653,0,3,0,-0.6066060830512681,0,0,-0.6919130066879227,False,True,1,1
654,1,3,1,-0.058612577276632744,0,0,-0.7364325470914955,True,False,1,1
655,0,3,1,-0.8414604426689688,0,0,-0.815964889424778,True,False,1,1
657,0,3,0,-0.058612577276632744,0,0,-0.7315244169956868,False,True,1,1
658,0,3,1,0.25452656888030173,1,1,-0.17112797743791622,True,False,3,0
659,0,2,0,-0.4500365099728008,0,0,-0.3553670951484481,False,True,1,1
662,0,3,0,0.8808048611941706,0,0,-0.7809594570597769,False,False,1,1
663,0,1,0,1.4287983669688058,0,0,0.57227686252408,False,True,1,1
664,0,3,0,0.5676657150372362,0,0,-0.7610026758293721,False,True,1,1
665,1,3,0,-0.6848908695905016,1,0,-0.7293725041008279,False,True,2,0
667,0,2,0,-0.29346693689433356,0,0,-0.3553670951484481,False,True,1,1
668,0,3,0,-0.058612577276632744,0,0,-0.7404268511634599,False,True,1,1
669,0,3,0,1.1156592208118714,0,0,-0.7201605482153013,False,True,1,1
670,1,1,1,-0.058612577276632744,1,0,2.51876314113585,False,True,2,0
671,1,2,1,0.8808048611941706,1,1,1.560719729041084,False,True,3,0
672,0,1,0,0.1762417823410681,1,0,2.51876314113585,False,True,2,0
673,0,2,0,3.229348457371179,0,0,-0.53960621285898,False,True,1,1
674,1,2,0,0.1762417823410681,0,0,-0.3553670951484481,False,True,1,1
675,0,2,0,-0.058612577276632744,0,0,-1.313410507243214,False,True,1,1
676,0,3,0,-0.8414604426689688,0,0,-0.7404268511634599,False,True,1,1
677,0,3,0,-0.3326093301639504,0,0,-0.7201605482153013,False,True,1,1
678,1,3,1,-0.8414604426689688,0,0,-0.5881200573345173,False,True,1,1
679,0,3,1,1.1156592208118714,1,6,2.142915341006365,False,True,8,0
681,0,3,1,-0.058612577276632744,0,0,-0.7137121790954328,True,False,1,1
683,0,3,0,-0.6848908695905016,0,0,-0.6335681628913514,False,True,1,1
684,0,3,0,-1.1545995888259033,5,2,2.142915341006365,False,True,8,0
685,0,2,0,2.4465005919788427,1,1,1.560719729041084,False,True,3,0
686,0,2,0,-0.29346693689433356,1,2,1.7507955420006855,False,False,4,0
687,0,3,0,-1.1545995888259033,4,1,1.6113854864114803,False,True,6,0
688,0,3,0,-0.7631756561297353,0,0,-0.5638668198791029,False,True,1,1
689,0,3,0,-0.8414604426689688,0,0,-0.7388939817041082,False,True,1,1
691,1,1,0,0.1762417823410681,1,0,2.887241376556914,False,True,2,0
692,1,3,1,-1.9374474542182394,0,1,-0.32465811900845665,False,False,2,0
693,1,3,0,-0.058612577276632744,0,0,2.850084031297054,False,True,1,1
694,0,3,0,-0.29346693689433356,0,0,-0.7809594570597769,False,False,1,1
695,0,1,0,2.4465005919788427,0,0,0.643208922842635,False,True,1,1
696,0,2,0,1.820222299664974,0,0,-0.31851927160634175,False,True,1,1
697,0,3,0,1.193944007351105,0,0,-0.7201605482153013,False,True,1,1
698,1,3,1,-0.058612577276632744,0,0,-0.7434999596468715,True,False,1,1
700,0,3,0,1.0373744342726379,0,0,-0.7496388070489864,False,True,1,1
702,1,1,0,0.4893809284980025,0,0,0.6238638154830292,False,True,1,1
703,0,3,1,-0.8414604426689688,0,1,-0.2481988851585859,False,False,2,0
704,0,3,0,-0.29346693689433356,0,0,-0.7428809162113642,True,False,1,1
705,0,3,0,-0.21518215035509997,1,0,-0.7345901559143904,False,True,2,0
706,0,2,0,0.802520074654937,0,0,0.602676316946318,False,True,1,1
707,1,2,1,1.2722287938903387,0,0,-0.31851927160634175,False,True,1,1
708,1,1,0,1.0373744342726379,0,0,0.6238638154830292,False,True,1,1
710,1,3,0,-0.058612577276632744,1,1,-0.18986141092672315,False,False,3,0
711,1,1,1,-0.37175172343356716,0,0,2.3348335451430717,False,False,1,1
712,0,1,0,-0.058612577276632744,0,0,0.643208922842635,False,True,1,1
713,1,1,0,1.5070831535080396,1,0,2.51876314113585,False,True,2,0
714,0,3,0,0.01967220926260087,0,0,-0.6145325772494992,False,True,1,1
715,0,2,0,1.820222299664974,0,0,-0.3553670951484481,False,True,1,1
716,0,3,0,-0.7631756561297353,0,0,-0.7496388070489864,False,True,1,1
718,1,2,1,-0.13689736381586634,0,0,-0.53960621285898,False,True,1,1
719,0,3,0,-0.058612577276632744,0,0,-0.17112797743791622,True,False,1,1
720,0,3,0,0.3328113554195353,0,0,-0.7404268511634599,False,True,1,1
721,1,2,1,-1.780877881139772,0,1,1.1185458465358074,False,True,2,0
722,0,3,0,-0.9197452292082025,1,0,-0.7935466735817605,False,True,2,0
723,0,2,0,0.4110961419587689,0,0,-0.3553670951484481,False,True,1,1
724,0,2,0,1.6636527265865066,0,0,-0.3553670951484481,False,True,1,1
725,1,1,0,-0.13689736381586634,1,0,2.5998283529284842,False,True,2,0
726,0,3,0,-0.6848908695905016,0,0,-0.6750219643762211,False,True,1,1
727,1,2,1,0.09795699580183448,3,0,0.23419808152525404,False,True,4,0
728,1,3,1,-0.058612577276632744,0,0,-0.7431904379291178,True,False,1,1
729,0,2,0,-0.29346693689433356,1,0,0.602676316946318,False,True,2,0
730,0,3,1,-0.29346693689433356,1,0,-0.7293725041008279,False,True,2,0
732,0,3,0,-1.3894539484436041,0,0,0.07114646235143339,False,False,1,1
733,0,2,0,-0.058612577276632744,0,0,-1.313410507243214,False,True,1,1
734,0,2,0,-0.4500365099728008,0,0,-0.3553670951484481,False,True,1,1
735,0,2,0,-0.4500365099728008,0,0,-0.3553670951484481,False,True,1,1
736,0,3,0,-0.019470184007015934,0,0,-0.12691058918738843,False,True,1,1
737,0,3,1,1.5070831535080396,1,3,1.2198773612765998,False,True,5,0
739,0,3,0,-0.058612577276632744,0,0,-0.7315244169956868,False,True,1,1
740,0,3,0,-0.058612577276632744,0,0,-0.7315244169956868,False,True,1,1
741,1,1,0,-0.058612577276632744,0,0,0.897458905283169,False,True,1,1
744,0,3,0,-0.37175172343356716,1,0,-0.12691058918738843,False,True,2,0
745,1,3,0,0.1762417823410681,0,0,-0.7293725041008279,False,True,1,1
747,0,3,0,-0.9980300157474361,1,1,0.17892634621209447,False,True,3,0
748,1,2,1,0.09795699580183448,0,0,-0.3553670951484481,False,True,1,1
749,0,1,0,-0.7631756561297353,1,0,2.5998283529284842,False,True,2,0
750,0,3,0,0.1762417823410681,0,0,-0.7422692423405652,True,False,1,1
751,1,2,1,-1.9374474542182394,1,1,0.38158937569367957,False,True,3,0
752,1,3,0,-1.780877881139772,0,1,-0.39405730986765986,False,True,2,0
753,0,3,0,0.3328113554195353,0,0,-0.6133018599431929,False,True,1,1
754,0,3,0,-0.4500365099728008,0,0,-0.7315244169956868,False,True,1,1
755,1,2,1,1.5070831535080396,1,2,3.476806553230616,False,True,4,0
756,1,2,0,-2.198135793393887,1,1,-0.24482362452212897,False,True,3,0
757,0,3,0,-0.058612577276632744,0,0,-0.7388939817041082,False,True,1,1
758,0,2,0,-0.8414604426689688,0,0,-0.4659105657747673,False,True,1,1
759,0,3,0,0.4110961419587689,0,0,-0.7201605482153013,False,True,1,1
761,0,3,0,-0.058612577276632744,0,0,-0.24482362452212897,False,True,1,1
762,0,3,0,0.9590896477334042,0,0,-0.7883290217681982,False,True,1,1
763,1,3,0,-0.6848908695905016,0,0,-0.7806499353420233,False,False,1,1
765,0,3,0,-0.9980300157474361,0,0,-0.7404268511634599,False,True,1,1
767,0,1,0,-0.058612577276632744,0,0,1.6049371172916118,False,False,1,1
768,0,3,1,0.13709938907145128,0,0,-0.7422692423405652,True,False,1,1
769,0,3,0,-0.058612577276632744,1,0,0.46633936984052415,True,False,2,0
770,0,3,0,0.25452656888030173,0,0,-0.6971306585014848,False,True,1,1
771,0,3,0,-0.37175172343356716,0,0,-0.6133018599431929,False,True,1,1
772,0,3,0,1.5070831535080396,0,0,-0.7345901559143904,False,True,1,1
773,0,2,1,2.211646232361142,0,0,-0.53960621285898,False,True,1,1
774,0,3,0,-0.058612577276632744,0,0,-0.7809594570597769,False,False,1,1
775,1,2,1,1.976791872743441,1,3,0.38158937569367957,False,True,5,0
776,0,3,0,-0.8414604426689688,0,0,-0.7422692423405652,False,True,1,1
777,0,3,0,-0.058612577276632744,0,0,-0.7422692423405652,True,False,1,1
778,1,3,1,-1.8591626676790058,0,0,-0.39405730986765986,False,True,1,1
779,0,3,0,-0.058612577276632744,0,0,-0.7431904379291178,True,False,1,1
781,1,3,1,-1.2328843753651368,0,0,-0.7806499353420233,False,False,1,1
782,1,1,1,-0.9197452292082025,1,0,2.887241376556914,False,True,2,0
783,0,1,0,0.01967220926260087,0,0,0.897458905283169,False,True,1,1
784,0,3,0,-0.058612577276632744,1,2,0.41475241688157527,False,True,4,0
785,0,3,0,-0.29346693689433356,0,0,-0.7938561952995141,False,True,1,1
786,0,3,0,-0.29346693689433356,0,0,-0.7791170658826716,False,True,1,1
787,1,3,1,-0.8414604426689688,0,0,-0.7610026758293721,False,True,1,1
788,0,3,0,-1.624308308061305,4,1,0.8329752140844828,True,False,6,0
789,1,3,0,-2.1723018138359405,1,2,0.20287743151446355,False,True,4,0
791,0,3,0,-0.058612577276632744,0,0,-0.7422692423405652,True,False,1,1
792,0,2,0,-0.9980300157474361,0,0,0.602676316946318,False,True,1,1
794,0,1,0,-0.058612577276632744,0,0,0.9487363365243642,False,False,1,1
795,0,3,0,-0.29346693689433356,0,0,-0.7315244169956868,False,True,1,1
796,0,2,0,0.802520074654937,0,0,-0.3553670951484481,False,True,1,1
797,1,1,1,1.585367940047273,0,0,0.5974586651327558,False,True,1,1
798,1,3,1,0.1762417823410681,0,0,-0.6734890949168695,False,True,1,1
799,0,3,0,0.09795699580183448,0,0,-0.7806499353420233,False,False,1,1
800,0,3,1,0.09795699580183448,1,1,0.46633936984052415,False,True,3,0
801,0,2,0,0.4110961419587689,0,0,-0.3553670951484481,False,True,1,1
802,1,2,1,0.1762417823410681,1,1,0.6211002287173711,False,True,3,0
804,1,3,0,-2.2177069900286956,0,1,-0.6857667897210993,False,False,2,0
805,1,3,0,-0.13689736381586634,0,0,-0.7993833688308302,False,True,1,1
806,0,3,0,0.1762417823410681,0,0,-0.7404268511634599,False,True,1,1
807,0,1,0,0.802520074654937,0,0,-1.313410507243214,False,True,1,1
808,0,3,1,-0.8414604426689688,0,0,-0.7404268511634599,False,True,1,1
809,0,2,0,0.802520074654937,0,0,-0.3553670951484481,False,True,1,1
810,1,1,1,0.3328113554195353,1,0,2.5998283529284842,False,True,2,0
811,0,3,0,-0.21518215035509997,0,0,-0.732136090866486,False,True,1,1
812,0,3,0,0.802520074654937,0,0,0.46633936984052415,False,True,1,1
813,0,2,0,0.4893809284980025,0,0,-0.53960621285898,False,True,1,1
814,0,3,1,-1.780877881139772,4,2,0.9914208553155401,False,True,7,0
815,0,3,0,0.13709938907145128,0,0,-0.7201605482153013,False,True,1,1
816,0,1,0,-0.058612577276632744,0,0,-1.313410507243214,False,True,1,1
817,0,3,1,-0.4500365099728008,0,0,-0.7293725041008279,False,True,1,1
818,0,2,0,0.1762417823410681,1,1,1.4136379565904118,False,False,3,0
819,0,3,0,1.1156592208118714,0,0,-0.8380735835500418,False,True,1,1
820,0,3,0,-1.4677387349828377,3,2,0.7426980464063221,False,True,6,0
822,1,3,0,-0.13689736381586634,0,0,-0.6750219643762211,False,True,1,1
823,0,1,0,0.7242352881157034,0,0,-1.313410507243214,False,True,1,1
824,1,3,1,-0.13689736381586634,0,1,-0.39405730986765986,False,True,2,0
825,0,3,0,-2.0940170272967067,4,1,1.6113854864114803,False,True,6,0
826,0,3,0,-0.058612577276632744,0,0,-0.8012257600079354,True,False,1,1
827,0,3,0,-0.058612577276632744,0,0,2.850084031297054,False,True,1,1
828,1,2,0,-2.1723018138359405,0,2,1.4136379565904118,False,False,3,0
829,1,3,0,-0.058612577276632744,0,0,-0.7422692423405652,True,False,1,1
831,1,3,1,-1.0763148022866698,1,0,-0.2481988851585859,False,False,2,0
832,1,2,0,-2.18561022754761,1,1,0.0683828755857753,False,True,3,0
833,0,3,0,-0.058612577276632744,0,0,-0.7806499353420233,False,False,1,1
834,0,3,0,-0.4500365099728008,0,0,-0.7345901559143904,False,True,1,1
835,0,3,0,-0.8414604426689688,0,0,-0.7017366364442481,False,True,1,1
837,0,3,0,-0.6066060830512681,0,0,-0.6750219643762211,False,True,1,1
838,0,3,0,-0.058612577276632744,0,0,-0.7201605482153013,False,True,1,1
839,1,3,0,0.25452656888030173,0,0,2.850084031297054,False,True,1,1
840,1,1,0,-0.058612577276632744,0,0,0.8753502111579051,False,False,1,1
841,0,3,0,-0.6848908695905016,0,0,-0.7293725041008279,False,True,1,1
842,0,2,0,-0.9980300157474361,0,0,-0.53960621285898,False,True,1,1
843,1,1,1,0.09795699580183448,0,0,0.9711545523673818,False,False,1,1
844,0,3,0,0.45023853522838575,0,0,-0.8389947791385944,False,False,1,1
845,0,3,0,-0.9197452292082025,0,0,-0.6750219643762211,False,True,1,1
846,0,3,0,1.0373744342726379,0,0,-0.7570083717574076,False,True,1,1
848,0,3,0,0.4893809284980025,0,0,-0.7315244169956868,False,False,1,1
849,0,2,0,-0.058612577276632744,0,1,1.1185458465358074,False,True,2,0
851,0,3,0,-1.9374474542182394,4,2,0.9914208553155401,False,True,7,0
852,0,3,0,3.542487603528113,0,0,-0.7404268511634599,False,True,1,1
853,0,3,1,-1.5460235215220715,1,1,-0.18986141092672315,False,False,3,0
854,1,1,1,-0.9980300157474361,0,1,1.590197987874769,False,True,2,0
855,0,2,1,1.193944007351105,1,0,0.602676316946318,False,True,2,0
856,1,3,1,-0.8414604426689688,0,1,-0.6243562070058247,False,True,2,0
858,1,1,0,1.7419375131257404,0,0,0.643208922842635,False,True,1,1
859,1,3,1,-0.37175172343356716,0,3,0.10584237299868055,False,False,4,0
860,0,3,0,-0.058612577276632744,0,0,-0.7806499353420233,False,False,1,1
861,0,3,0,0.9590896477334042,2,0,-0.27369020948501516,False,True,3,0
862,0,2,0,-0.6066060830512681,1,0,-0.4659105657747673,False,True,2,0
863,1,1,1,1.5070831535080396,0,0,0.5974586651327558,False,True,1,1
865,0,2,0,-0.37175172343356716,0,0,-0.3553670951484481,False,True,1,1
866,1,2,1,1.0373744342726379,0,0,-0.3553670951484481,False,True,1,1
867,1,2,1,-0.13689736381586634,1,0,-0.29211412125606834,False,False,2,0
868,0,1,0,0.1762417823410681,0,0,2.4079101487917773,False,True,1,1
869,0,3,0,-0.058612577276632744,0,0,-0.6133018599431929,False,True,1,1
870,1,3,0,-1.9374474542182394,1,1,-0.4929347595605481,False,True,3,0
871,0,3,0,-0.21518215035509997,0,0,-0.7315244169956868,False,True,1,1
872,1,1,1,1.4287983669688058,1,1,2.559605268749921,False,True,3,0
873,0,1,0,0.3328113554195353,0,0,-0.9449322718221503,False,True,1,1
874,0,3,0,1.4287983669688058,0,0,-0.6501496834852992,False,True,1,1
875,1,2,1,-0.058612577276632744,1,0,0.45528502277789235,False,False,2,0
876,1,3,1,-1.0763148022866698,0,0,-0.7809594570597769,False,False,1,1
877,0,3,0,-0.6848908695905016,0,0,-0.587817905181472,False,True,1,1
878,0,3,0,-0.7631756561297353,0,0,-0.7315244169956868,False,True,1,1
879,0,3,0,-0.058612577276632744,0,0,-0.7315244169956868,False,True,1,1
881,1,2,1,-0.29346693689433356,0,1,0.602676316946318,False,True,2,0
882,0,3,0,0.3328113554195353,0,0,-0.7315244169956868,False,True,1,1
883,0,3,1,-0.5283212965120344,0,0,-0.5383754955526737,False,True,1,1
884,0,2,0,-0.058612577276632744,0,0,-0.53960621285898,False,True,1,1
885,0,3,0,-0.29346693689433356,0,0,-0.7938561952995141,False,True,1,1
886,0,3,1,0.802520074654937,0,5,0.8329752140844828,True,False,6,0
887,0,2,0,-0.13689736381586634,0,0,-0.3553670951484481,False,True,1,1
888,1,1,1,-0.7631756561297353,0,0,0.897458905283169,False,True,1,1
889,0,3,1,-0.058612577276632744,1,2,0.41475241688157527,False,True,4,0
890,1,1,0,-0.21518215035509997,0,0,0.897458905283169,False,False,1,1
891,0,3,0,0.25452656888030173,0,0,-0.7422692423405652,True,False,1,1
